"test","amplitude1","amplitude2","p_d_amplitude","acrophase1","acrophase2","p_d_acrophase"
"test1 vs. test2",1.03976646411964,0.93211095954414,0.268920436829876,-6.14172637841105,-3.18885240738274,1.8165204667333e-05
"test3 vs. test4",0.976146267507031,1.07163302171674,0.544973362210511,-0.0430101537981363,-3.04973944128348,0.000120062068001705
