test,amplitude1,amplitude2,p(d_amplitude),q(d_amplitude),acrophase1,acrophase2,p(d_acrophase),q(d_acrophase)
test1 vs test2,1.0397664641196365,0.9321109595441402,0.2689204368298769,0.5378408736597537,-6.141726378411045,-3.1888524073827416,1.8165204667353052e-05,3.6330409334706104e-05
test3 vs test4,0.9761462675070305,1.0716330217167362,0.5449733622105084,0.5449733622105084,-0.04301015379813631,-3.049739441283481,0.00012006206800174724,0.00012006206800174724
