"test","p","amplitude","LB_amplitude","UB_amplitude","acrophase","LB_acrophase","UB_acrophase"
"test1",0.000244413403707089,1.03976646411964,0.972792797192894,1.10674013104638,-6.14172637841105,-6.33314717606952,-5.97300533950831
"test2",0.149442470082018,0.93211095954414,0.496716453721083,1.3675054653672,-3.18885240738274,-3.25285287190311,-3.11185780160799
"test3",0.0456815020040235,0.976146267507031,0.838807412938845,1.11348512207522,-0.0430101537981363,-0.254048478924273,0.159530636456734
"test4",0.000113271413742578,1.07163302171674,0.747364412494698,1.39590163093877,-3.04973944128348,-3.27513323479715,-2.64511119728441
